ID;email;firstname;lastname;Country;Createon;deliverydate;OrderStatus_status;ImageUrl
H-2;monicademo@demo.com;Monica;Sanchez;Spain;20260923;20260923;3;;
H-3;monicademo@demo.com;Monica;Sanchez;Spain;20260923;20260923;5;;
H-4;monicademo@demo.com;Monica;Sanchez;Spain;20260923;20260923;5;;
H-5;monicademo@demo.com;Monica;Sanchez;Spain;20260923;20260923;1;;
H-6;monicademo@demo.com;Monica;Sanchez;Spain;20260923;20260923;3;;
H-7;monicademo@demo.com;Monica;Sanchez;Spain;20260923;20260923;2;;
H-8;monicademo@demo.com;Monica;Sanchez;Spain;20260923;20260923;1;;
H-9;monicademo@demo.com;Monica;Sanchez;Spain;20260923;20260923;5;;
H-10;monicademo@demo.com;Monica;Sanchez;Spain;20260923;20260923;5;;
H-11;monicademo@demo.com;Monica;Sanchez;Spain;20260923;20260923;1;;
H-13;monicademo@demo.com;Monica;Sanchez;Spain;20260923;20260923;5;;
H-14;monicademo@demo.com;Monica;Sanchez;Spain;20260923;20260923;4;;
H-15;monicademo@demo.com;Monica;Sanchez;Spain;20260923;20260923;3;;
H-16;monicademo@demo.com;Monica;Sanchez;Spain;20260923;20260923;5;;
H-17;monicademo@demo.com;Monica;Sanchez;Spain;20260923;20260923;3;;
H-18;monicademo@demo.com;Monica;Sanchez;Spain;20260923;20260923;5;;
H-19;monicademo@demo.com;Monica;Sanchez;Spain;20260923;20260923;2;;
H-20;monicademo@demo.com;Monica;Sanchez;Spain;20260923;20260923;5;;
H-21;monicademo@demo.com;Monica;Sanchez;Spain;20260923;20260923;1;;
H-22;monicademo@demo.com;Monica;Sanchez;Spain;20260923;20260923;4;;
H-23;monicademo@demo.com;Monica;Sanchez;Spain;20260923;20260923;3;;
H-24;monicademo@demo.com;Monica;Sanchez;Spain;20260923;20260923;3;;
H-25;monicademo@demo.com;Monica;Sanchez;Spain;20260923;20260923;2;;
H-26;monicademo@demo.com;Monica;Sanchez;Spain;20260923;20260923;5;;
H-27;monicademo@demo.com;Monica;Sanchez;Spain;20260923;20260923;5;;
H-28;monicademo@demo.com;Monica;Sanchez;Spain;20260923;20260923;3;;
H-29;monicademo@demo.com;Monica;Sanchez;Spain;20260923;20260923;5;;
H-30;monicademo@demo.com;Monica;Sanchez;Spain;20260923;20260923;3;;
H-NEW1;monicademo@demo.com;Monica;Sanchez;Spain;20260924;20260925;4;https://test
H-1;monicademo@demo.com;Monica;Sanchez C;Spain;20260923;20260923;2;;