ID_ID;ItemUUID;Name;Description;ReleaseDate;DiscontinuedDate;Price;Waers;Height;Width;Depth;DimensionsUOM;Quantity;Unitofmeasure
H-1;I-1-1;Fang Keychain;Keychain of Fang FFXIII;23092026;20261231;36.00;EUR;14.000;10.000;2.00;CM;6.00;ST
H-1;I-1-2;FF14 Magic TCG Pack;Set of FF14 TCG;20260923;20261231;198.00;EUR;30.000;55.000;50.00;CM;6.00;ST
H-1;I-1-3;Fang Keychain;Keychain of Fang FFXIII;20260923;20261231;12.00;EUR;14.000;10.000;2.00;CM;2.00;ST
H-1;I-1-4;Sazh Keychain;Keychain of Sazh FFXIII;20260923;20261231;18.00;EUR;14.000;10.000;2.00;CM;2.00;ST
H-2;I-2-1;Lightning Keychain;Keychain of Lightning FFXIII;20260923;20261231;14.00;EUR;14.000;10.000;2.00;CM;2.00;ST
H-3;I-3-1;Fang Keychain;Keychain of Fang FFXIII;20260923;20261231;36.00;EUR;14.000;10.000;2.00;CM;6.00;ST
H-3;I-3-2;Fang Keychain;Keychain of Fang FFXIII;20260923;20261231;36.00;EUR;14.000;10.000;2.00;CM;6.00;ST
H-3;I-3-3;FF14 Magic TCG Pack;Set of FF14 TCG;20260923;20261231;165.00;EUR;30.000;55.000;50.00;CM;5.00;ST
H-4;I-4-1;Fang Keychain;Keychain of Fang FFXIII;20260923;20261231;6.00;EUR;14.000;10.000;2.00;CM;1.00;ST
H-4;I-4-2;Snow Keychain;Keychain of Snow FFXIII;20260923;20261231;40.00;EUR;14.000;10.000;2.00;CM;5.00;ST
H-4;I-4-3;Vanille Keychain;Keychain of Vanille FFXIII;20260923;20261231;20.00;EUR;14.000;10.000;2.00;CM;2.00;ST
H-4;I-4-4;FF14 Magic TCG Pack;Set of FF14 TCG;20260923;20261231;33.00;EUR;30.000;55.000;50.00;CM;1.00;ST
H-5;I-5-1;Fang Keychain;Keychain of Fang FFXIII;20260923;20261231;24.00;EUR;14.000;10.000;2.00;CM;4.00;ST
H-5;I-5-2;Vanille Keychain;Keychain of Vanille FFXIII;20260923;20261231;60.00;EUR;14.000;10.000;2.00;CM;6.00;ST
H-6;I-6-1;Sazh Keychain;Keychain of Sazh FFXIII;20260923;20261231;45.00;EUR;14.000;10.000;2.00;CM;5.00;ST
H-6;I-6-2;FF13 Magic TCG Pack;Set of FF13 TCG;20260923;20261231;120.00;EUR;30.000;55.000;50.00;CM;3.00;ST
H-6;I-6-3;Vanille Keychain;Keychain of Vanille FFXIII;20260923;20261231;20.00;EUR;14.000;10.000;2.00;CM;2.00;ST
H-6;I-6-4;Fang Keychain;Keychain of Fang FFXIII;20260923;20261231;30.00;EUR;14.000;10.000;2.00;CM;5.00;ST
H-7;I-7-1;Vanille Keychain;Keychain of Vanille FFXIII;20260923;20261231;50.00;EUR;14.000;10.000;2.00;CM;5.00;ST
H-7;I-7-2;Sazh Keychain;Keychain of Sazh FFXIII;20260923;20261231;27.00;EUR;14.000;10.000;2.00;CM;3.00;ST
H-7;I-7-3;Snow Keychain;Keychain of Snow FFXIII;20260923;20261231;24.00;EUR;14.000;10.000;2.00;CM;3.00;ST
H-8;I-8-1;FF14 Magic TCG Pack;Set of FF14 TCG;20260923;20261231;66.00;EUR;30.000;55.000;50.00;CM;2.00;ST
H-8;I-8-2;Sazh Keychain;Keychain of Sazh FFXIII;20260923;20261231;45.00;EUR;14.000;10.000;2.00;CM;5.00;ST
H-8;I-8-3;FF13 Magic TCG Pack;Set of FF13 TCG;20260923;20261231;80.00;EUR;30.000;55.000;50.00;CM;2.00;ST
H-9;I-9-1;FF13 Magic TCG Pack;Set of FF13 TCG;20260923;20261231;40.00;EUR;30.000;55.000;50.00;CM;1.00;ST
H-9;I-9-2;FF13 Magic TCG Pack;Set of FF13 TCG;20260923;20261231;240.00;EUR;30.000;55.000;50.00;CM;6.00;ST
H-10;I-10-1;Sazh Keychain;Keychain of Sazh FFXIII;20260923;20261231;9.00;EUR;14.000;10.000;2.00;CM;1.00;ST
H-10;I-10-2;Lightning Keychain;Keychain of Lightning FFXIII;20260923;20261231;35.00;EUR;14.000;10.000;2.00;CM;5.00;ST
H-10;I-10-3;Fang Keychain;Keychain of Fang FFXIII;20260923;20261231;18.00;EUR;14.000;10.000;2.00;CM;3.00;ST
H-10;I-10-4;FF13 Magic TCG Pack;Set of FF13 TCG;20260923;20261231;160.00;EUR;30.000;55.000;50.00;CM;4.00;ST
H-11;I-11-1;Snow Keychain;Keychain of Snow FFXIII;20260923;20261231;16.00;EUR;14.000;10.000;2.00;CM;2.00;ST
H-11;I-11-2;Vanille Keychain;Keychain of Vanille FFXIII;20260923;20261231;10.00;EUR;14.000;10.000;2.00;CM;1.00;ST
H-13;I-13-1;Vanille Keychain;Keychain of Vanille FFXIII;20260923;20261231;50.00;EUR;14.000;10.000;2.00;CM;5.00;ST
H-13;I-13-2;Lightning Keychain;Keychain of Lightning FFXIII;20260923;20261231;35.00;EUR;14.000;10.000;2.00;CM;5.00;ST
H-13;I-13-3;Sazh Keychain;Keychain of Sazh FFXIII;20260923;20261231;9.00;EUR;14.000;10.000;2.00;CM;1.00;ST
H-14;I-14-1;FF14 Magic TCG Pack;Set of FF14 TCG;20260923;20261231;132.00;EUR;30.000;55.000;50.00;CM;4.00;ST
H-14;I-14-2;FF13 Magic TCG Pack;Set of FF13 TCG;20260923;20261231;120.00;EUR;30.000;55.000;50.00;CM;3.00;ST
H-14;I-14-3;Snow Keychain;Keychain of Snow FFXIII;20260923;20261231;40.00;EUR;14.000;10.000;2.00;CM;5.00;ST
H-15;I-15-1;Lightning Keychain;Keychain of Lightning FFXIII;20260923;20261231;42.00;EUR;14.000;10.000;2.00;CM;6.00;ST
H-15;I-15-2;Hope Keychain;Keychain of Hope FFXIII;20260923;20261231;35.00;EUR;14.000;10.000;2.00;CM;5.00;ST
H-15;I-15-3;FF14 Magic TCG Pack;Set of FF14 TCG;20260923;20261231;33.00;EUR;30.000;55.000;50.00;CM;1.00;ST
H-15;I-15-4;Vanille Keychain;Keychain of Vanille FFXIII;20260923;20261231;50.00;EUR;14.000;10.000;2.00;CM;5.00;ST
H-16;I-16-1;Hope Keychain;Keychain of Hope FFXIII;20260923;20261231;42.00;EUR;14.000;10.000;2.00;CM;6.00;ST
H-16;I-16-2;Sazh Keychain;Keychain of Sazh FFXIII;20260923;20261231;27.00;EUR;14.000;10.000;2.00;CM;3.00;ST
H-17;I-17-1;Fang Keychain;Keychain of Fang FFXIII;20260923;20261231;24.00;EUR;14.000;10.000;2.00;CM;4.00;ST
H-17;I-17-2;Hope Keychain;Keychain of Hope FFXIII;20260923;20261231;7.00;EUR;14.000;10.000;2.00;CM;1.00;ST
H-17;I-17-3;FF14 Magic TCG Pack;Set of FF14 TCG;20260923;20261231;165.00;EUR;30.000;55.000;50.00;CM;5.00;ST
H-17;I-17-4;FF14 Magic TCG Pack;Set of FF14 TCG;20260923;20261231;66.00;EUR;30.000;55.000;50.00;CM;2.00;ST
H-18;I-18-1;Vanille Keychain;Keychain of Vanille FFXIII;20260923;20261231;60.00;EUR;14.000;10.000;2.00;CM;6.00;ST
H-18;I-18-2;Lightning Keychain;Keychain of Lightning FFXIII;20260923;20261231;14.00;EUR;14.000;10.000;2.00;CM;2.00;ST
H-19;I-19-1;FF14 Magic TCG Pack;Set of FF14 TCG;20260923;20261231;33.00;EUR;30.000;55.000;50.00;CM;1.00;ST
H-19;I-19-2;Fang Keychain;Keychain of Fang FFXIII;20260923;20261231;12.00;EUR;14.000;10.000;2.00;CM;2.00;ST
H-19;I-19-3;Lightning Keychain;Keychain of Lightning FFXIII;20260923;20261231;42.00;EUR;14.000;10.000;2.00;CM;6.00;ST
H-19;I-19-4;FF14 Magic TCG Pack;Set of FF14 TCG;20260923;20261231;198.00;EUR;30.000;55.000;50.00;CM;6.00;ST
H-20;I-20-1;Hope Keychain;Keychain of Hope FFXIII;20260923;20261231;35.00;EUR;14.000;10.000;2.00;CM;5.00;ST
H-20;I-20-2;Snow Keychain;Keychain of Snow FFXIII;20260923;20261231;48.00;EUR;14.000;10.000;2.00;CM;6.00;ST
H-21;I-21-1;Vanille Keychain;Keychain of Vanille FFXIII;20260923;20261231;50.00;EUR;14.000;10.000;2.00;CM;5.00;ST
H-21;I-21-2;Hope Keychain;Keychain of Hope FFXIII;20260923;20261231;28.00;EUR;14.000;10.000;2.00;CM;4.00;ST
H-22;I-22-1;Fang Keychain;Keychain of Fang FFXIII;20260923;20261231;30.00;EUR;14.000;10.000;2.00;CM;5.00;ST
H-22;I-22-2;Lightning Keychain;Keychain of Lightning FFXIII;20260923;20261231;35.00;EUR;14.000;10.000;2.00;CM;5.00;ST
H-22;I-22-3;Vanille Keychain;Keychain of Vanille FFXIII;20260923;20261231;30.00;EUR;14.000;10.000;2.00;CM;3.00;ST
H-23;I-23-1;Snow Keychain;Keychain of Snow FFXIII;20260923;20261231;16.00;EUR;14.000;10.000;2.00;CM;2.00;ST
H-23;I-23-2;Hope Keychain;Keychain of Hope FFXIII;20260923;20261231;28.00;EUR;14.000;10.000;2.00;CM;4.00;ST
H-23;I-23-3;FF13 Magic TCG Pack;Set of FF13 TCG;20260923;20261231;120.00;EUR;30.000;55.000;50.00;CM;3.00;ST
H-23;I-23-4;FF13 Magic TCG Pack;Set of FF13 TCG;20260923;20261231;120.00;EUR;30.000;55.000;50.00;CM;3.00;ST
H-24;I-24-1;Vanille Keychain;Keychain of Vanille FFXIII;20260923;20261231;30.00;EUR;14.000;10.000;2.00;CM;3.00;ST
H-24;I-24-2;Fang Keychain;Keychain of Fang FFXIII;20260923;20261231;36.00;EUR;14.000;10.000;2.00;CM;6.00;ST
H-24;I-24-3;FF14 Magic TCG Pack;Set of FF14 TCG;20260923;20261231;33.00;EUR;30.000;55.000;50.00;CM;1.00;ST
H-25;I-25-1;Snow Keychain;Keychain of Snow FFXIII;20260923;20261231;24.00;EUR;14.000;10.000;2.00;CM;3.00;ST
H-25;I-25-2;FF13 Magic TCG Pack;Set of FF13 TCG;20260923;20261231;200.00;EUR;30.000;55.000;50.00;CM;5.00;ST
H-25;I-25-3;Lightning Keychain;Keychain of Lightning FFXIII;20260923;20261231;21.00;EUR;14.000;10.000;2.00;CM;3.00;ST
H-26;I-26-1;Vanille Keychain;Keychain of Vanille FFXIII;20260923;20261231;30.00;EUR;14.000;10.000;2.00;CM;3.00;ST
H-27;I-27-1;Hope Keychain;Keychain of Hope FFXIII;20260923;20261231;28.00;EUR;14.000;10.000;2.00;CM;4.00;ST
H-27;I-27-2;FF14 Magic TCG Pack;Set of FF14 TCG;20260923;20261231;33.00;EUR;30.000;55.000;50.00;CM;1.00;ST
H-28;I-28-1;Lightning Keychain;Keychain of Lightning FFXIII;20260923;20261231;21.00;EUR;14.000;10.000;2.00;CM;3.00;ST
H-28;I-28-2;Sazh Keychain;Keychain of Sazh FFXIII;20260923;20261231;36.00;EUR;14.000;10.000;2.00;CM;4.00;ST
H-28;I-28-3;Sazh Keychain;Keychain of Sazh FFXIII;20260923;20261231;45.00;EUR;14.000;10.000;2.00;CM;5.00;ST
H-29;I-29-1;Snow Keychain;Keychain of Snow FFXIII;20260923;20261231;40.00;EUR;14.000;10.000;2.00;CM;5.00;ST
H-29;I-29-2;FF13 Magic TCG Pack;Set of FF13 TCG;20260923;20261231;240.00;EUR;30.000;55.000;50.00;CM;6.00;ST
H-29;I-29-3;FF14 Magic TCG Pack;Set of FF14 TCG;20260923;20261231;132.00;EUR;30.000;55.000;50.00;CM;4.00;ST
H-30;I-30-1;FF14 Magic TCG Pack;Set of FF14 TCG;20260923;20261231;132.00;EUR;30.000;55.000;50.00;CM;4.00;ST
H-30;I-30-2;Vanille Keychain;Keychain of Vanille FFXIII;20260923;20261231;30.00;EUR;14.000;10.000;2.00;CM;3.00;ST
H-30;I-30-3;Hope Keychain;Keychain of Hope FFXIII;20260923;20261231;28.00;EUR;14.000;10.000;2.00;CM;4.00;ST
H-30;I-30-4;Fang Keychain;Keychain of Fang FFXIII;20260923;20261231;18.00;EUR;14.000;10.000;2.00;CM;3.00;ST